unifs_ecceLP;unifs_consPDFN;var0;var1;formula
13;5;_;true;Var (S (O))
9;3;true;_;Var (O)
15;6;_;false;Neg (Var (S (O)))
11;4;false;_;Neg (Var (O))
17;7;_;true;Neg (Neg (Var (S (O))))
13;5;true;_;Neg (Neg (Var (O)))
19;8;_;false;Neg (Neg (Neg (Var (S (O)))))
15;6;false;_;Neg (Neg (Neg (Var (O))))
21;9;_;true;Neg (Neg (Neg (Neg (Var (S (O))))))
17;7;true;_;Neg (Neg (Neg (Neg (Var (O)))))
23;10;_;false;Neg (Neg (Neg (Neg (Neg (Var (S (O)))))))
19;8;false;_;Neg (Neg (Neg (Neg (Neg (Var (O))))))
29;13;true;true;Neg (Neg (Neg (Neg (Conj (Var (O), Var (S (O)))))))
25;11;true;_;Neg (Neg (Neg (Neg (Conj (Var (O), Var (O))))))
31;14;_;false;Neg (Neg (Neg (Disj (Var (S (O)), Var (S (O))))))
27;12;false;false;Neg (Neg (Neg (Disj (Var (S (O)), Var (O)))))
27;12;false;false;Neg (Neg (Neg (Disj (Var (O), Var (S (O))))))
23;10;false;_;Neg (Neg (Neg (Disj (Var (O), Var (O)))))
34;12;true;false;Neg (Neg (Neg (Conj (Var (S (O)), Var (O)))))
34;12;false;true;Neg (Neg (Neg (Conj (Var (S (O)), Var (O)))))
34;12;false;false;Neg (Neg (Neg (Conj (Var (S (O)), Var (O)))))
30;10;false;_;Neg (Neg (Neg (Conj (Var (O), Var (O)))))
36;13;_;true;Neg (Neg (Disj (Var (S (O)), Var (S (O)))))
32;11;true;true;Neg (Neg (Disj (Var (S (O)), Var (O))))
32;11;true;false;Neg (Neg (Disj (Var (S (O)), Var (O))))
32;11;false;true;Neg (Neg (Disj (Var (S (O)), Var (O))))
32;11;true;true;Neg (Neg (Disj (Var (O), Var (S (O)))))
32;11;true;false;Neg (Neg (Disj (Var (O), Var (S (O)))))
32;11;false;true;Neg (Neg (Disj (Var (O), Var (S (O)))))
28;9;true;_;Neg (Neg (Disj (Var (O), Var (O))))
32;10;true;_;Neg (Neg (Disj (Neg (Var (O)), Var (O))))
29;13;_;true;Neg (Neg (Conj (Var (S (O)), Var (S (O)))))
25;11;true;true;Neg (Neg (Conj (Var (S (O)), Var (O))))
27;12;false;true;Neg (Neg (Conj (Var (S (O)), Neg (Var (O)))))
29;13;true;true;Neg (Neg (Conj (Var (S (O)), Neg (Neg (Var (O))))))
41;19;_;true;Neg (Neg (Conj (Var (S (O)), Conj (Var (S (O)), Var (S (O))))))
37;17;true;true;Neg (Neg (Conj (Var (S (O)), Conj (Var (S (O)), Var (O)))))
37;17;true;true;Neg (Neg (Conj (Var (S (O)), Conj (Var (O), Var (S (O))))))
33;15;true;true;Neg (Neg (Conj (Var (S (O)), Conj (Var (O), Var (O)))))
25;11;true;true;Neg (Neg (Conj (Var (O), Var (S (O)))))
21;9;true;_;Neg (Neg (Conj (Var (O), Var (O))))
27;12;true;false;Neg (Neg (Conj (Var (O), Neg (Var (S (O))))))
29;13;true;true;Neg (Neg (Conj (Var (O), Neg (Neg (Var (S (O)))))))
25;11;true;_;Neg (Neg (Conj (Var (O), Neg (Neg (Var (O))))))
37;17;true;true;Neg (Neg (Conj (Var (O), Conj (Var (S (O)), Var (S (O))))))
33;15;true;true;Neg (Neg (Conj (Var (O), Conj (Var (S (O)), Var (O)))))
33;15;true;true;Neg (Neg (Conj (Var (O), Conj (Var (O), Var (S (O))))))
29;13;true;_;Neg (Neg (Conj (Var (O), Conj (Var (O), Var (O)))))
35;16;true;false;Neg (Neg (Conj (Var (O), Conj (Var (O), Neg (Var (S (O)))))))
41;19;true;true;Neg (Neg (Conj (Var (O), Conj (Var (O), Conj (Var (O), Var (S (O)))))))
37;17;true;_;Neg (Neg (Conj (Var (O), Conj (Var (O), Conj (Var (O), Var (O))))))
27;12;true;false;Neg (Neg (Conj (Neg (Var (S (O))), Var (O))))
27;12;false;true;Neg (Neg (Conj (Neg (Var (O)), Var (S (O)))))
29;13;false;false;Neg (Neg (Conj (Neg (Var (O)), Neg (Var (S (O))))))
25;11;false;_;Neg (Neg (Conj (Neg (Var (O)), Neg (Var (O)))))
39;18;false;true;Neg (Neg (Conj (Neg (Var (O)), Conj (Var (S (O)), Var (S (O))))))
33;15;true;true;Neg (Neg (Conj (Conj (Var (O), Var (O)), Var (S (O)))))
29;13;true;_;Neg (Neg (Conj (Conj (Var (O), Var (O)), Var (O))))
27;12;_;false;Neg (Disj (Var (S (O)), Var (S (O))))
23;10;false;false;Neg (Disj (Var (S (O)), Var (O)))
25;11;true;false;Neg (Disj (Var (S (O)), Neg (Var (O))))
31;14;_;false;Neg (Disj (Var (S (O)), Neg (Neg (Var (S (O))))))
27;12;false;false;Neg (Disj (Var (S (O)), Neg (Neg (Var (O)))))
33;15;true;false;Neg (Disj (Var (S (O)), Neg (Conj (Var (O), Var (O)))))
39;18;_;false;Neg (Disj (Var (S (O)), Disj (Var (S (O)), Var (S (O)))))
35;16;false;false;Neg (Disj (Var (S (O)), Disj (Var (S (O)), Var (O))))
35;16;false;false;Neg (Disj (Var (S (O)), Disj (Var (O), Var (S (O)))))
31;14;false;false;Neg (Disj (Var (S (O)), Disj (Var (O), Var (O))))
42;16;true;false;Neg (Disj (Var (S (O)), Conj (Var (S (O)), Var (O))))
42;16;false;false;Neg (Disj (Var (S (O)), Conj (Var (S (O)), Var (O))))
38;14;false;false;Neg (Disj (Var (S (O)), Conj (Var (O), Var (O))))
23;10;false;false;Neg (Disj (Var (O), Var (S (O))))
19;8;false;_;Neg (Disj (Var (O), Var (O)))
25;11;false;true;Neg (Disj (Var (O), Neg (Var (S (O)))))
27;12;false;false;Neg (Disj (Var (O), Neg (Neg (Var (S (O))))))
23;10;false;_;Neg (Disj (Var (O), Neg (Neg (Var (O)))))
37;17;false;true;Neg (Disj (Var (O), Neg (Conj (Var (S (O)), Var (S (O))))))
35;16;false;false;Neg (Disj (Var (O), Disj (Var (S (O)), Var (S (O)))))
31;14;false;false;Neg (Disj (Var (O), Disj (Var (S (O)), Var (O))))
31;14;false;false;Neg (Disj (Var (O), Disj (Var (O), Var (S (O)))))
27;12;false;_;Neg (Disj (Var (O), Disj (Var (O), Var (O))))
33;15;false;true;Neg (Disj (Var (O), Disj (Var (O), Neg (Var (S (O))))))
42;16;false;false;Neg (Disj (Var (O), Conj (Var (S (O)), Var (S (O)))))
38;14;false;true;Neg (Disj (Var (O), Conj (Var (S (O)), Var (O))))
38;14;false;false;Neg (Disj (Var (O), Conj (Var (S (O)), Var (O))))
38;14;false;true;Neg (Disj (Var (O), Conj (Var (O), Var (S (O)))))
38;14;false;false;Neg (Disj (Var (O), Conj (Var (O), Var (S (O)))))
34;12;false;_;Neg (Disj (Var (O), Conj (Var (O), Var (O))))
42;15;false;false;Neg (Disj (Var (O), Conj (Neg (Var (O)), Var (S (O)))))
38;13;false;_;Neg (Disj (Var (O), Conj (Neg (Var (O)), Var (O))))
25;11;false;true;Neg (Disj (Neg (Var (S (O))), Var (O)))
31;14;_;true;Neg (Disj (Neg (Var (S (O))), Neg (Var (S (O)))))
27;12;true;true;Neg (Disj (Neg (Var (S (O))), Neg (Var (O))))
25;11;true;false;Neg (Disj (Neg (Var (O)), Var (S (O))))
27;12;true;true;Neg (Disj (Neg (Var (O)), Neg (Var (S (O)))))
23;10;true;_;Neg (Disj (Neg (Var (O)), Neg (Var (O))))
37;17;true;false;Neg (Disj (Neg (Var (O)), Disj (Var (S (O)), Var (S (O)))))
31;14;false;false;Neg (Disj (Disj (Var (O), Var (O)), Var (S (O))))
27;12;false;_;Neg (Disj (Disj (Var (O), Var (O)), Var (O)))
34;12;_;false;Neg (Conj (Var (S (O)), Var (S (O))))
30;10;true;false;Neg (Conj (Var (S (O)), Var (O)))
30;10;false;true;Neg (Conj (Var (S (O)), Var (O)))
30;10;false;false;Neg (Conj (Var (S (O)), Var (O)))
40;13;_;true;Neg (Conj (Var (S (O)), Neg (Var (S (O)))))
40;13;_;false;Neg (Conj (Var (S (O)), Neg (Var (S (O)))))
36;11;true;true;Neg (Conj (Var (S (O)), Neg (Var (O))))
36;11;true;false;Neg (Conj (Var (S (O)), Neg (Var (O))))
36;11;false;false;Neg (Conj (Var (S (O)), Neg (Var (O))))
49;16;false;false;Neg (Conj (Var (S (O)), Disj (Var (O), Var (S (O)))))
45;14;false;true;Neg (Conj (Var (S (O)), Disj (Var (O), Var (O))))
45;14;false;false;Neg (Conj (Var (S (O)), Disj (Var (O), Var (O))))
53;18;_;false;Neg (Conj (Var (S (O)), Conj (Var (S (O)), Var (S (O)))))
49;16;true;false;Neg (Conj (Var (S (O)), Conj (Var (S (O)), Var (O))))
49;16;false;false;Neg (Conj (Var (S (O)), Conj (Var (S (O)), Var (O))))
49;16;true;false;Neg (Conj (Var (S (O)), Conj (Var (O), Var (S (O)))))
49;16;false;true;Neg (Conj (Var (S (O)), Conj (Var (O), Var (S (O)))))
49;16;false;false;Neg (Conj (Var (S (O)), Conj (Var (O), Var (S (O)))))
45;14;true;false;Neg (Conj (Var (S (O)), Conj (Var (O), Var (O))))
45;14;false;true;Neg (Conj (Var (S (O)), Conj (Var (O), Var (O))))
45;14;false;false;Neg (Conj (Var (S (O)), Conj (Var (O), Var (O))))
30;10;true;false;Neg (Conj (Var (O), Var (S (O))))
30;10;false;true;Neg (Conj (Var (O), Var (S (O))))
30;10;false;false;Neg (Conj (Var (O), Var (S (O))))
26;8;false;_;Neg (Conj (Var (O), Var (O)))
36;11;true;true;Neg (Conj (Var (O), Neg (Var (S (O)))))
36;11;false;true;Neg (Conj (Var (O), Neg (Var (S (O)))))
36;11;false;false;Neg (Conj (Var (O), Neg (Var (S (O)))))
32;9;true;_;Neg (Conj (Var (O), Neg (Var (O))))
32;9;false;_;Neg (Conj (Var (O), Neg (Var (O))))
45;14;false;true;Neg (Conj (Var (O), Disj (Var (O), Var (S (O)))))
45;14;false;false;Neg (Conj (Var (O), Disj (Var (O), Var (S (O)))))
41;12;false;_;Neg (Conj (Var (O), Disj (Var (O), Var (O))))
49;16;true;false;Neg (Conj (Var (O), Conj (Var (S (O)), Var (S (O)))))
49;16;false;true;Neg (Conj (Var (O), Conj (Var (S (O)), Var (S (O)))))
49;16;false;false;Neg (Conj (Var (O), Conj (Var (S (O)), Var (S (O)))))
45;14;true;false;Neg (Conj (Var (O), Conj (Var (S (O)), Var (O))))
45;14;false;true;Neg (Conj (Var (O), Conj (Var (S (O)), Var (O))))
45;14;false;false;Neg (Conj (Var (O), Conj (Var (S (O)), Var (O))))
45;14;true;false;Neg (Conj (Var (O), Conj (Var (O), Var (S (O)))))
45;14;false;true;Neg (Conj (Var (O), Conj (Var (O), Var (S (O)))))
45;14;false;false;Neg (Conj (Var (O), Conj (Var (O), Var (S (O)))))
41;12;false;_;Neg (Conj (Var (O), Conj (Var (O), Var (O))))
38;13;_;true;Neg (Conj (Neg (Var (S (O))), Var (S (O))))
38;13;_;false;Neg (Conj (Neg (Var (S (O))), Var (S (O))))
34;11;true;true;Neg (Conj (Neg (Var (S (O))), Var (O)))
34;11;false;true;Neg (Conj (Neg (Var (S (O))), Var (O)))
34;11;false;false;Neg (Conj (Neg (Var (S (O))), Var (O)))
34;11;true;true;Neg (Conj (Neg (Var (O)), Var (S (O))))
34;11;true;false;Neg (Conj (Neg (Var (O)), Var (S (O))))
34;11;false;false;Neg (Conj (Neg (Var (O)), Var (S (O))))
30;9;true;_;Neg (Conj (Neg (Var (O)), Var (O)))
30;9;false;_;Neg (Conj (Neg (Var (O)), Var (O)))
39;12;true;true;Neg (Conj (Neg (Var (O)), Neg (Var (S (O)))))
39;12;true;false;Neg (Conj (Neg (Var (O)), Neg (Var (S (O)))))
39;12;false;true;Neg (Conj (Neg (Var (O)), Neg (Var (S (O)))))
35;10;true;_;Neg (Conj (Neg (Var (O)), Neg (Var (O))))
47;15;true;true;Neg (Conj (Neg (Var (O)), Conj (Var (O), Var (S (O)))))
43;13;true;_;Neg (Conj (Neg (Var (O)), Conj (Var (O), Var (O))))
43;13;false;_;Neg (Conj (Neg (Var (O)), Conj (Var (O), Var (O))))
42;14;false;false;Neg (Conj (Disj (Var (O), Var (O)), Var (S (O))))
38;12;false;_;Neg (Conj (Disj (Var (O), Var (O)), Var (O)))
42;14;true;false;Neg (Conj (Conj (Var (O), Var (O)), Var (S (O))))
42;14;false;true;Neg (Conj (Conj (Var (O), Var (O)), Var (S (O))))
42;14;false;false;Neg (Conj (Conj (Var (O), Var (O)), Var (S (O))))
38;12;false;_;Neg (Conj (Conj (Var (O), Var (O)), Var (O)))
43;13;true;_;Neg (Conj (Conj (Var (O), Var (O)), Neg (Var (O))))
32;11;_;true;Disj (Var (S (O)), Var (S (O)))
28;9;true;true;Disj (Var (S (O)), Var (O))
28;9;true;false;Disj (Var (S (O)), Var (O))
28;9;false;true;Disj (Var (S (O)), Var (O))
38;12;_;true;Disj (Var (S (O)), Neg (Var (S (O))))
38;12;_;false;Disj (Var (S (O)), Neg (Var (S (O))))
34;10;true;true;Disj (Var (S (O)), Neg (Var (O)))
34;10;false;true;Disj (Var (S (O)), Neg (Var (O)))
34;10;false;false;Disj (Var (S (O)), Neg (Var (O)))
44;13;_;true;Disj (Var (S (O)), Neg (Neg (Var (S (O)))))
40;11;true;true;Disj (Var (S (O)), Neg (Neg (Var (O))))
40;11;true;false;Disj (Var (S (O)), Neg (Neg (Var (O))))
40;11;false;true;Disj (Var (S (O)), Neg (Neg (Var (O))))
53;16;true;true;Disj (Var (S (O)), Neg (Conj (Var (O), Var (S (O)))))
53;16;true;false;Disj (Var (S (O)), Neg (Conj (Var (O), Var (S (O)))))
49;14;true;true;Disj (Var (S (O)), Neg (Conj (Var (O), Var (O))))
49;14;false;true;Disj (Var (S (O)), Neg (Conj (Var (O), Var (O))))
49;14;false;false;Disj (Var (S (O)), Neg (Conj (Var (O), Var (O))))
47;15;true;false;Disj (Var (S (O)), Disj (Var (S (O)), Var (O)))
47;15;true;false;Disj (Var (S (O)), Disj (Var (O), Var (S (O))))
47;15;false;true;Disj (Var (S (O)), Disj (Var (O), Var (S (O))))
43;13;true;true;Disj (Var (S (O)), Disj (Var (O), Var (O)))
43;13;true;false;Disj (Var (S (O)), Disj (Var (O), Var (O)))
43;13;false;true;Disj (Var (S (O)), Disj (Var (O), Var (O)))
51;17;_;true;Disj (Var (S (O)), Conj (Var (S (O)), Var (S (O))))
47;15;true;true;Disj (Var (S (O)), Conj (Var (S (O)), Var (O)))
47;15;false;true;Disj (Var (S (O)), Conj (Var (S (O)), Var (O)))
47;15;true;true;Disj (Var (S (O)), Conj (Var (O), Var (S (O))))
47;15;false;true;Disj (Var (S (O)), Conj (Var (O), Var (S (O))))
43;13;true;true;Disj (Var (S (O)), Conj (Var (O), Var (O)))
43;13;true;false;Disj (Var (S (O)), Conj (Var (O), Var (O)))
43;13;false;true;Disj (Var (S (O)), Conj (Var (O), Var (O)))
53;16;true;false;Disj (Var (S (O)), Conj (Var (O), Neg (Var (S (O)))))
53;16;false;true;Disj (Var (S (O)), Conj (Var (O), Neg (Var (S (O)))))
62;19;true;true;Disj (Var (S (O)), Conj (Var (O), Conj (Var (O), Var (S (O)))))
58;17;true;true;Disj (Var (S (O)), Conj (Var (O), Conj (Var (O), Var (O))))
58;17;true;false;Disj (Var (S (O)), Conj (Var (O), Conj (Var (O), Var (O))))
28;9;true;true;Disj (Var (O), Var (S (O)))
28;9;true;false;Disj (Var (O), Var (S (O)))
28;9;false;true;Disj (Var (O), Var (S (O)))
24;7;true;_;Disj (Var (O), Var (O))
34;10;true;true;Disj (Var (O), Neg (Var (S (O))))
34;10;true;false;Disj (Var (O), Neg (Var (S (O))))
34;10;false;false;Disj (Var (O), Neg (Var (S (O))))
30;8;true;_;Disj (Var (O), Neg (Var (O)))
30;8;false;_;Disj (Var (O), Neg (Var (O)))
40;11;true;true;Disj (Var (O), Neg (Neg (Var (S (O)))))
40;11;true;false;Disj (Var (O), Neg (Neg (Var (S (O)))))
40;11;false;true;Disj (Var (O), Neg (Neg (Var (S (O)))))
36;9;true;_;Disj (Var (O), Neg (Neg (Var (O))))
49;14;true;true;Disj (Var (O), Neg (Conj (Var (O), Var (S (O)))))
49;14;true;false;Disj (Var (O), Neg (Conj (Var (O), Var (S (O)))))
49;14;false;true;Disj (Var (O), Neg (Conj (Var (O), Var (S (O)))))
45;12;true;_;Disj (Var (O), Neg (Conj (Var (O), Var (O))))
45;12;false;_;Disj (Var (O), Neg (Conj (Var (O), Var (O))))
47;15;true;false;Disj (Var (O), Disj (Var (S (O)), Var (S (O))))
47;15;false;true;Disj (Var (O), Disj (Var (S (O)), Var (S (O))))
43;13;true;true;Disj (Var (O), Disj (Var (S (O)), Var (O)))
43;13;true;false;Disj (Var (O), Disj (Var (S (O)), Var (O)))
43;13;false;true;Disj (Var (O), Disj (Var (S (O)), Var (O)))
43;13;true;true;Disj (Var (O), Disj (Var (O), Var (S (O))))
43;13;true;false;Disj (Var (O), Disj (Var (O), Var (S (O))))
43;13;false;true;Disj (Var (O), Disj (Var (O), Var (S (O))))
39;11;true;_;Disj (Var (O), Disj (Var (O), Var (O)))
47;15;true;true;Disj (Var (O), Conj (Var (S (O)), Var (S (O))))
47;15;true;false;Disj (Var (O), Conj (Var (S (O)), Var (S (O))))
47;15;false;true;Disj (Var (O), Conj (Var (S (O)), Var (S (O))))
43;13;true;true;Disj (Var (O), Conj (Var (S (O)), Var (O)))
43;13;true;false;Disj (Var (O), Conj (Var (S (O)), Var (O)))
43;13;true;true;Disj (Var (O), Conj (Var (O), Var (S (O))))
43;13;true;false;Disj (Var (O), Conj (Var (O), Var (S (O))))
39;11;true;_;Disj (Var (O), Conj (Var (O), Var (O)))
49;14;true;false;Disj (Var (O), Conj (Var (O), Neg (Var (S (O)))))
45;12;true;_;Disj (Var (O), Conj (Var (O), Neg (Var (O))))
58;17;true;true;Disj (Var (O), Conj (Var (O), Conj (Var (O), Var (S (O)))))
54;15;true;_;Disj (Var (O), Conj (Var (O), Conj (Var (O), Var (O))))
36;12;_;true;Disj (Neg (Var (S (O))), Var (S (O)))
36;12;_;false;Disj (Neg (Var (S (O))), Var (S (O)))
32;10;true;true;Disj (Neg (Var (S (O))), Var (O))
32;10;true;false;Disj (Neg (Var (S (O))), Var (O))
32;10;false;false;Disj (Neg (Var (S (O))), Var (O))
37;11;true;false;Disj (Neg (Var (S (O))), Neg (Var (O)))
37;11;false;true;Disj (Neg (Var (S (O))), Neg (Var (O)))
37;11;false;false;Disj (Neg (Var (S (O))), Neg (Var (O)))
49;16;true;true;Disj (Neg (Var (S (O))), Conj (Var (O), Var (S (O))))
45;14;true;true;Disj (Neg (Var (S (O))), Conj (Var (O), Var (O)))
45;14;true;false;Disj (Neg (Var (S (O))), Conj (Var (O), Var (O)))
32;10;true;true;Disj (Neg (Var (O)), Var (S (O)))
32;10;false;true;Disj (Neg (Var (O)), Var (S (O)))
32;10;false;false;Disj (Neg (Var (O)), Var (S (O)))
28;8;true;_;Disj (Neg (Var (O)), Var (O))
28;8;false;_;Disj (Neg (Var (O)), Var (O))
37;11;true;false;Disj (Neg (Var (O)), Neg (Var (S (O))))
37;11;false;true;Disj (Neg (Var (O)), Neg (Var (S (O))))
37;11;false;false;Disj (Neg (Var (O)), Neg (Var (S (O))))
33;9;false;_;Disj (Neg (Var (O)), Neg (Var (O)))
45;14;false;false;Disj (Neg (Var (O)), Disj (Var (O), Var (S (O))))
41;12;true;_;Disj (Neg (Var (O)), Disj (Var (O), Var (O)))
41;12;false;_;Disj (Neg (Var (O)), Disj (Var (O), Var (O)))
49;16;true;true;Disj (Neg (Var (O)), Conj (Var (S (O)), Var (S (O))))
49;16;false;true;Disj (Neg (Var (O)), Conj (Var (S (O)), Var (S (O))))
45;14;true;true;Disj (Neg (Var (O)), Conj (Var (S (O)), Var (O)))
45;14;false;true;Disj (Neg (Var (O)), Conj (Var (S (O)), Var (O)))
45;14;false;false;Disj (Neg (Var (O)), Conj (Var (S (O)), Var (O)))
45;14;true;true;Disj (Neg (Var (O)), Conj (Var (O), Var (S (O))))
45;14;false;false;Disj (Neg (Var (O)), Conj (Var (O), Var (S (O))))
41;12;true;_;Disj (Neg (Var (O)), Conj (Var (O), Var (O)))
41;12;false;_;Disj (Neg (Var (O)), Conj (Var (O), Var (O)))
40;13;false;true;Disj (Disj (Var (O), Var (O)), Var (S (O)))
41;12;false;_;Disj (Disj (Var (O), Var (O)), Neg (Var (O)))
44;15;true;true;Disj (Conj (Var (O), Var (S (O))), Var (S (O)))
40;13;true;true;Disj (Conj (Var (O), Var (S (O))), Var (O))
40;13;true;true;Disj (Conj (Var (O), Var (O)), Var (S (O)))
40;13;true;false;Disj (Conj (Var (O), Var (O)), Var (S (O)))
40;13;false;true;Disj (Conj (Var (O), Var (O)), Var (S (O)))
36;11;true;_;Disj (Conj (Var (O), Var (O)), Var (O))
45;14;true;true;Disj (Conj (Var (O), Var (O)), Neg (Var (S (O))))
45;14;true;false;Disj (Conj (Var (O), Var (O)), Neg (Var (S (O))))
45;14;false;false;Disj (Conj (Var (O), Var (O)), Neg (Var (S (O))))
41;12;true;_;Disj (Conj (Var (O), Var (O)), Neg (Var (O)))
41;12;false;_;Disj (Conj (Var (O), Var (O)), Neg (Var (O)))
57;19;false;true;Disj (Conj (Var (O), Var (O)), Conj (Var (S (O)), Var (S (O))))
53;17;true;true;Disj (Conj (Var (O), Var (O)), Conj (Var (S (O)), Var (O)))
53;17;true;true;Disj (Conj (Var (O), Var (O)), Conj (Var (O), Var (S (O))))
49;15;true;_;Disj (Conj (Var (O), Var (O)), Conj (Var (O), Var (O)))
25;11;_;true;Conj (Var (S (O)), Var (S (O)))
21;9;true;true;Conj (Var (S (O)), Var (O))
23;10;false;true;Conj (Var (S (O)), Neg (Var (O)))
29;13;_;true;Conj (Var (S (O)), Neg (Neg (Var (S (O)))))
25;11;true;true;Conj (Var (S (O)), Neg (Neg (Var (O))))
27;12;false;true;Conj (Var (S (O)), Neg (Neg (Neg (Var (O)))))
29;13;true;true;Conj (Var (S (O)), Neg (Neg (Neg (Neg (Var (O))))))
41;19;_;true;Conj (Var (S (O)), Neg (Neg (Conj (Var (S (O)), Var (S (O))))))
37;17;true;true;Conj (Var (S (O)), Neg (Neg (Conj (Var (S (O)), Var (O)))))
37;17;true;true;Conj (Var (S (O)), Neg (Neg (Conj (Var (O), Var (S (O))))))
33;15;true;true;Conj (Var (S (O)), Neg (Neg (Conj (Var (O), Var (O)))))
31;14;false;true;Conj (Var (S (O)), Neg (Disj (Var (O), Var (O))))
37;17;false;true;Conj (Var (S (O)), Neg (Disj (Var (O), Neg (Var (S (O))))))
42;16;false;true;Conj (Var (S (O)), Neg (Conj (Var (S (O)), Var (O))))
42;16;false;true;Conj (Var (S (O)), Neg (Conj (Var (O), Var (S (O)))))
38;14;false;true;Conj (Var (S (O)), Neg (Conj (Var (O), Var (O))))
42;15;true;true;Conj (Var (S (O)), Neg (Conj (Neg (Var (O)), Var (O))))
44;17;_;true;Conj (Var (S (O)), Disj (Var (S (O)), Var (S (O))))
40;15;true;true;Conj (Var (S (O)), Disj (Var (S (O)), Var (O)))
40;15;false;true;Conj (Var (S (O)), Disj (Var (S (O)), Var (O)))
46;16;true;true;Conj (Var (S (O)), Disj (Var (S (O)), Neg (Var (O))))
40;15;true;true;Conj (Var (S (O)), Disj (Var (O), Var (S (O))))
40;15;false;true;Conj (Var (S (O)), Disj (Var (O), Var (S (O))))
36;13;true;true;Conj (Var (S (O)), Disj (Var (O), Var (O)))
42;14;true;true;Conj (Var (S (O)), Disj (Var (O), Neg (Var (O))))
48;18;_;true;Conj (Var (S (O)), Disj (Neg (Var (S (O))), Var (S (O))))
44;16;true;true;Conj (Var (S (O)), Disj (Neg (Var (S (O))), Var (O)))
44;16;true;true;Conj (Var (S (O)), Disj (Neg (Var (O)), Var (S (O))))
44;16;false;true;Conj (Var (S (O)), Disj (Neg (Var (O)), Var (S (O))))
40;14;true;true;Conj (Var (S (O)), Disj (Neg (Var (O)), Var (O)))
40;14;false;true;Conj (Var (S (O)), Disj (Neg (Var (O)), Var (O)))
37;17;_;true;Conj (Var (S (O)), Conj (Var (S (O)), Var (S (O))))
33;15;true;true;Conj (Var (S (O)), Conj (Var (S (O)), Var (O)))
35;16;false;true;Conj (Var (S (O)), Conj (Var (S (O)), Neg (Var (O))))
41;19;_;true;Conj (Var (S (O)), Conj (Var (S (O)), Neg (Neg (Var (S (O))))))
37;17;true;true;Conj (Var (S (O)), Conj (Var (S (O)), Neg (Neg (Var (O)))))
49;23;_;true;Conj (Var (S (O)), Conj (Var (S (O)), Conj (Var (S (O)), Var (S (O)))))
45;21;true;true;Conj (Var (S (O)), Conj (Var (S (O)), Conj (Var (S (O)), Var (O))))
45;21;true;true;Conj (Var (S (O)), Conj (Var (S (O)), Conj (Var (O), Var (S (O)))))
41;19;true;true;Conj (Var (S (O)), Conj (Var (S (O)), Conj (Var (O), Var (O))))
53;25;true;true;Conj (Var (S (O)), Conj (Var (S (O)), Conj (Var (O), Conj (Var (O), Var (S (O))))))
49;23;true;true;Conj (Var (S (O)), Conj (Var (S (O)), Conj (Var (O), Conj (Var (O), Var (O)))))
33;15;true;true;Conj (Var (S (O)), Conj (Var (O), Var (S (O))))
29;13;true;true;Conj (Var (S (O)), Conj (Var (O), Var (O)))
37;17;true;true;Conj (Var (S (O)), Conj (Var (O), Neg (Neg (Var (S (O))))))
33;15;true;true;Conj (Var (S (O)), Conj (Var (O), Neg (Neg (Var (O)))))
48;19;true;true;Conj (Var (S (O)), Conj (Var (O), Disj (Var (S (O)), Var (O))))
44;17;true;true;Conj (Var (S (O)), Conj (Var (O), Disj (Var (O), Var (O))))
45;21;true;true;Conj (Var (S (O)), Conj (Var (O), Conj (Var (S (O)), Var (S (O)))))
41;19;true;true;Conj (Var (S (O)), Conj (Var (O), Conj (Var (S (O)), Var (O))))
53;25;true;true;Conj (Var (S (O)), Conj (Var (O), Conj (Var (S (O)), Conj (Var (O), Var (S (O))))))
49;23;true;true;Conj (Var (S (O)), Conj (Var (O), Conj (Var (S (O)), Conj (Var (O), Var (O)))))
41;19;true;true;Conj (Var (S (O)), Conj (Var (O), Conj (Var (O), Var (S (O)))))
37;17;true;true;Conj (Var (S (O)), Conj (Var (O), Conj (Var (O), Var (O))))
41;19;true;true;Conj (Var (S (O)), Conj (Var (O), Conj (Var (O), Neg (Neg (Var (O))))))
53;25;true;true;Conj (Var (S (O)), Conj (Var (O), Conj (Var (O), Conj (Var (S (O)), Var (S (O))))))
49;23;true;true;Conj (Var (S (O)), Conj (Var (O), Conj (Var (O), Conj (Var (S (O)), Var (O)))))
49;23;true;true;Conj (Var (S (O)), Conj (Var (O), Conj (Var (O), Conj (Var (O), Var (S (O))))))
45;21;true;true;Conj (Var (S (O)), Conj (Var (O), Conj (Var (O), Conj (Var (O), Var (O)))))
49;23;true;true;Conj (Var (S (O)), Conj (Var (O), Conj (Conj (Var (O), Var (O)), Var (S (O)))))
45;21;true;true;Conj (Var (S (O)), Conj (Var (O), Conj (Conj (Var (O), Var (O)), Var (O))))
35;16;false;true;Conj (Var (S (O)), Conj (Neg (Var (O)), Var (S (O))))
33;15;false;true;Conj (Var (S (O)), Conj (Neg (Var (O)), Neg (Var (O))))
47;22;false;true;Conj (Var (S (O)), Conj (Neg (Var (O)), Conj (Var (S (O)), Var (S (O)))))
45;21;true;true;Conj (Var (S (O)), Conj (Conj (Var (O), Var (S (O))), Var (S (O))))
41;19;true;true;Conj (Var (S (O)), Conj (Conj (Var (O), Var (S (O))), Var (O)))
41;19;true;true;Conj (Var (S (O)), Conj (Conj (Var (O), Var (O)), Var (S (O))))
37;17;true;true;Conj (Var (S (O)), Conj (Conj (Var (O), Var (O)), Var (O)))
49;23;true;true;Conj (Var (S (O)), Conj (Conj (Var (O), Var (O)), Conj (Var (O), Var (S (O)))))
45;21;true;true;Conj (Var (S (O)), Conj (Conj (Var (O), Var (O)), Conj (Var (O), Var (O))))
21;9;true;true;Conj (Var (O), Var (S (O)))
17;7;true;_;Conj (Var (O), Var (O))
23;10;true;false;Conj (Var (O), Neg (Var (S (O))))
25;11;true;true;Conj (Var (O), Neg (Neg (Var (S (O)))))
21;9;true;_;Conj (Var (O), Neg (Neg (Var (O))))
27;12;true;false;Conj (Var (O), Neg (Neg (Neg (Var (S (O))))))
29;13;true;true;Conj (Var (O), Neg (Neg (Neg (Neg (Var (S (O)))))))
25;11;true;_;Conj (Var (O), Neg (Neg (Neg (Neg (Var (O))))))
37;17;true;true;Conj (Var (O), Neg (Neg (Conj (Var (S (O)), Var (S (O))))))
33;15;true;true;Conj (Var (O), Neg (Neg (Conj (Var (S (O)), Var (O)))))
33;15;true;true;Conj (Var (O), Neg (Neg (Conj (Var (O), Var (S (O))))))
29;13;true;_;Conj (Var (O), Neg (Neg (Conj (Var (O), Var (O)))))
35;16;true;false;Conj (Var (O), Neg (Neg (Conj (Var (O), Neg (Var (S (O)))))))
41;19;true;true;Conj (Var (O), Neg (Neg (Conj (Var (O), Conj (Var (O), Var (S (O)))))))
37;17;true;_;Conj (Var (O), Neg (Neg (Conj (Var (O), Conj (Var (O), Var (O))))))
35;16;true;false;Conj (Var (O), Neg (Disj (Var (S (O)), Var (S (O)))))
33;15;true;false;Conj (Var (O), Neg (Disj (Var (S (O)), Neg (Var (O)))))
47;22;true;false;Conj (Var (O), Neg (Disj (Var (S (O)), Disj (Var (S (O)), Var (S (O))))))
33;15;true;false;Conj (Var (O), Neg (Disj (Neg (Var (O)), Var (S (O)))))
35;16;true;true;Conj (Var (O), Neg (Disj (Neg (Var (O)), Neg (Var (S (O))))))
31;14;true;_;Conj (Var (O), Neg (Disj (Neg (Var (O)), Neg (Var (O)))))
42;16;true;false;Conj (Var (O), Neg (Conj (Var (S (O)), Var (S (O)))))
38;14;true;false;Conj (Var (O), Neg (Conj (Var (S (O)), Var (O))))
44;15;true;true;Conj (Var (O), Neg (Conj (Var (S (O)), Neg (Var (O)))))
38;14;true;false;Conj (Var (O), Neg (Conj (Var (O), Var (S (O)))))
40;13;true;_;Conj (Var (O), Neg (Conj (Var (O), Neg (Var (O)))))
42;15;true;true;Conj (Var (O), Neg (Conj (Neg (Var (S (O))), Var (O))))
42;15;true;true;Conj (Var (O), Neg (Conj (Neg (Var (O)), Var (S (O)))))
42;15;true;false;Conj (Var (O), Neg (Conj (Neg (Var (O)), Var (S (O)))))
38;13;true;_;Conj (Var (O), Neg (Conj (Neg (Var (O)), Var (O))))
50;18;true;false;Conj (Var (O), Neg (Conj (Conj (Var (O), Var (O)), Var (S (O)))))
40;15;true;true;Conj (Var (O), Disj (Var (S (O)), Var (S (O))))
36;13;true;true;Conj (Var (O), Disj (Var (S (O)), Var (O)))
36;13;true;false;Conj (Var (O), Disj (Var (S (O)), Var (O)))
46;16;true;true;Conj (Var (O), Disj (Var (S (O)), Neg (Var (S (O)))))
46;16;true;false;Conj (Var (O), Disj (Var (S (O)), Neg (Var (S (O)))))
42;14;true;true;Conj (Var (O), Disj (Var (S (O)), Neg (Var (O))))
55;19;true;true;Conj (Var (O), Disj (Var (S (O)), Conj (Var (O), Var (S (O)))))
51;17;true;true;Conj (Var (O), Disj (Var (S (O)), Conj (Var (O), Var (O))))
51;17;true;false;Conj (Var (O), Disj (Var (S (O)), Conj (Var (O), Var (O))))
36;13;true;true;Conj (Var (O), Disj (Var (O), Var (S (O))))
36;13;true;false;Conj (Var (O), Disj (Var (O), Var (S (O))))
32;11;true;_;Conj (Var (O), Disj (Var (O), Var (O)))
42;14;true;true;Conj (Var (O), Disj (Var (O), Neg (Var (S (O)))))
42;14;true;false;Conj (Var (O), Disj (Var (O), Neg (Var (S (O)))))
38;12;true;_;Conj (Var (O), Disj (Var (O), Neg (Var (O))))
51;17;true;true;Conj (Var (O), Disj (Var (O), Conj (Var (O), Var (S (O)))))
51;17;true;false;Conj (Var (O), Disj (Var (O), Conj (Var (O), Var (S (O)))))
47;15;true;_;Conj (Var (O), Disj (Var (O), Conj (Var (O), Var (O))))
44;16;true;true;Conj (Var (O), Disj (Neg (Var (S (O))), Var (S (O))))
44;16;true;false;Conj (Var (O), Disj (Neg (Var (S (O))), Var (S (O))))
40;14;true;true;Conj (Var (O), Disj (Neg (Var (S (O))), Var (O)))
40;14;true;false;Conj (Var (O), Disj (Neg (Var (S (O))), Var (O)))
40;14;true;true;Conj (Var (O), Disj (Neg (Var (O)), Var (S (O))))
36;12;true;_;Conj (Var (O), Disj (Neg (Var (O)), Var (O)))
45;15;true;false;Conj (Var (O), Disj (Neg (Var (O)), Neg (Var (S (O)))))
53;18;true;true;Conj (Var (O), Disj (Neg (Var (O)), Conj (Var (O), Var (S (O)))))
49;16;true;_;Conj (Var (O), Disj (Neg (Var (O)), Conj (Var (O), Var (O))))
52;19;true;false;Conj (Var (O), Disj (Conj (Var (S (O)), Var (S (O))), Var (O)))
48;17;true;true;Conj (Var (O), Disj (Conj (Var (O), Var (O)), Var (S (O))))
48;17;true;false;Conj (Var (O), Disj (Conj (Var (O), Var (O)), Var (S (O))))
44;15;true;_;Conj (Var (O), Disj (Conj (Var (O), Var (O)), Var (O)))
49;16;true;_;Conj (Var (O), Disj (Conj (Var (O), Var (O)), Neg (Var (O))))
57;19;true;_;Conj (Var (O), Disj (Conj (Var (O), Var (O)), Conj (Var (O), Var (O))))
33;15;true;true;Conj (Var (O), Conj (Var (S (O)), Var (S (O))))
29;13;true;true;Conj (Var (O), Conj (Var (S (O)), Var (O)))
37;17;true;true;Conj (Var (O), Conj (Var (S (O)), Neg (Neg (Var (S (O))))))
33;15;true;true;Conj (Var (O), Conj (Var (S (O)), Neg (Neg (Var (O)))))
48;19;true;true;Conj (Var (O), Conj (Var (S (O)), Disj (Var (S (O)), Var (O))))
44;17;true;true;Conj (Var (O), Conj (Var (S (O)), Disj (Var (O), Var (O))))
45;21;true;true;Conj (Var (O), Conj (Var (S (O)), Conj (Var (S (O)), Var (S (O)))))
41;19;true;true;Conj (Var (O), Conj (Var (S (O)), Conj (Var (S (O)), Var (O))))
53;25;true;true;Conj (Var (O), Conj (Var (S (O)), Conj (Var (S (O)), Conj (Var (O), Var (S (O))))))
49;23;true;true;Conj (Var (O), Conj (Var (S (O)), Conj (Var (S (O)), Conj (Var (O), Var (O)))))
41;19;true;true;Conj (Var (O), Conj (Var (S (O)), Conj (Var (O), Var (S (O)))))
37;17;true;true;Conj (Var (O), Conj (Var (S (O)), Conj (Var (O), Var (O))))
41;19;true;true;Conj (Var (O), Conj (Var (S (O)), Conj (Var (O), Neg (Neg (Var (O))))))
53;25;true;true;Conj (Var (O), Conj (Var (S (O)), Conj (Var (O), Conj (Var (S (O)), Var (S (O))))))
49;23;true;true;Conj (Var (O), Conj (Var (S (O)), Conj (Var (O), Conj (Var (S (O)), Var (O)))))
49;23;true;true;Conj (Var (O), Conj (Var (S (O)), Conj (Var (O), Conj (Var (O), Var (S (O))))))
45;21;true;true;Conj (Var (O), Conj (Var (S (O)), Conj (Var (O), Conj (Var (O), Var (O)))))
49;23;true;true;Conj (Var (O), Conj (Var (S (O)), Conj (Conj (Var (O), Var (O)), Var (S (O)))))
45;21;true;true;Conj (Var (O), Conj (Var (S (O)), Conj (Conj (Var (O), Var (O)), Var (O))))
29;13;true;true;Conj (Var (O), Conj (Var (O), Var (S (O))))
25;11;true;_;Conj (Var (O), Conj (Var (O), Var (O)))
31;14;true;false;Conj (Var (O), Conj (Var (O), Neg (Var (S (O)))))
33;15;true;true;Conj (Var (O), Conj (Var (O), Neg (Neg (Var (S (O))))))
29;13;true;_;Conj (Var (O), Conj (Var (O), Neg (Neg (Var (O)))))
35;16;true;false;Conj (Var (O), Conj (Var (O), Neg (Neg (Neg (Var (S (O)))))))
41;19;true;true;Conj (Var (O), Conj (Var (O), Neg (Neg (Conj (Var (O), Var (S (O)))))))
37;17;true;_;Conj (Var (O), Conj (Var (O), Neg (Neg (Conj (Var (O), Var (O))))))
43;20;true;false;Conj (Var (O), Conj (Var (O), Neg (Disj (Var (S (O)), Var (S (O))))))
46;18;true;false;Conj (Var (O), Conj (Var (O), Neg (Conj (Var (S (O)), Var (O)))))
48;19;true;true;Conj (Var (O), Conj (Var (O), Disj (Var (S (O)), Var (S (O)))))
44;17;true;true;Conj (Var (O), Conj (Var (O), Disj (Var (S (O)), Var (O))))
44;17;true;false;Conj (Var (O), Conj (Var (O), Disj (Var (S (O)), Var (O))))
44;17;true;true;Conj (Var (O), Conj (Var (O), Disj (Var (O), Var (S (O)))))
44;17;true;false;Conj (Var (O), Conj (Var (O), Disj (Var (O), Var (S (O)))))
40;15;true;_;Conj (Var (O), Conj (Var (O), Disj (Var (O), Var (O))))
48;18;true;true;Conj (Var (O), Conj (Var (O), Disj (Neg (Var (O)), Var (S (O)))))
44;16;true;_;Conj (Var (O), Conj (Var (O), Disj (Neg (Var (O)), Var (O))))
41;19;true;true;Conj (Var (O), Conj (Var (O), Conj (Var (S (O)), Var (S (O)))))
37;17;true;true;Conj (Var (O), Conj (Var (O), Conj (Var (S (O)), Var (O))))
41;19;true;true;Conj (Var (O), Conj (Var (O), Conj (Var (S (O)), Neg (Neg (Var (O))))))
53;25;true;true;Conj (Var (O), Conj (Var (O), Conj (Var (S (O)), Conj (Var (S (O)), Var (S (O))))))
49;23;true;true;Conj (Var (O), Conj (Var (O), Conj (Var (S (O)), Conj (Var (S (O)), Var (O)))))
49;23;true;true;Conj (Var (O), Conj (Var (O), Conj (Var (S (O)), Conj (Var (O), Var (S (O))))))
45;21;true;true;Conj (Var (O), Conj (Var (O), Conj (Var (S (O)), Conj (Var (O), Var (O)))))
37;17;true;true;Conj (Var (O), Conj (Var (O), Conj (Var (O), Var (S (O)))))
33;15;true;_;Conj (Var (O), Conj (Var (O), Conj (Var (O), Var (O))))
39;18;true;false;Conj (Var (O), Conj (Var (O), Conj (Var (O), Neg (Var (S (O))))))
41;19;true;true;Conj (Var (O), Conj (Var (O), Conj (Var (O), Neg (Neg (Var (S (O)))))))
37;17;true;_;Conj (Var (O), Conj (Var (O), Conj (Var (O), Neg (Neg (Var (O))))))
49;23;true;true;Conj (Var (O), Conj (Var (O), Conj (Var (O), Conj (Var (S (O)), Var (S (O))))))
45;21;true;true;Conj (Var (O), Conj (Var (O), Conj (Var (O), Conj (Var (S (O)), Var (O)))))
45;21;true;true;Conj (Var (O), Conj (Var (O), Conj (Var (O), Conj (Var (O), Var (S (O))))))
41;19;true;_;Conj (Var (O), Conj (Var (O), Conj (Var (O), Conj (Var (O), Var (O)))))
47;22;true;false;Conj (Var (O), Conj (Var (O), Conj (Var (O), Conj (Var (O), Neg (Var (S (O)))))))
53;25;true;true;Conj (Var (O), Conj (Var (O), Conj (Var (O), Conj (Var (O), Conj (Var (O), Var (S (O)))))))
49;23;true;_;Conj (Var (O), Conj (Var (O), Conj (Var (O), Conj (Var (O), Conj (Var (O), Var (O))))))
39;18;true;false;Conj (Var (O), Conj (Var (O), Conj (Neg (Var (S (O))), Var (O))))
45;21;true;true;Conj (Var (O), Conj (Var (O), Conj (Conj (Var (O), Var (S (O))), Var (O))))
45;21;true;true;Conj (Var (O), Conj (Var (O), Conj (Conj (Var (O), Var (O)), Var (S (O)))))
41;19;true;_;Conj (Var (O), Conj (Var (O), Conj (Conj (Var (O), Var (O)), Var (O))))
47;22;true;false;Conj (Var (O), Conj (Var (O), Conj (Conj (Var (O), Var (O)), Neg (Var (S (O))))))
49;23;true;_;Conj (Var (O), Conj (Var (O), Conj (Conj (Var (O), Var (O)), Conj (Var (O), Var (O)))))
31;14;true;false;Conj (Var (O), Conj (Neg (Var (S (O))), Var (O)))
37;17;true;false;Conj (Var (O), Conj (Neg (Var (S (O))), Neg (Var (S (O)))))
39;18;true;false;Conj (Var (O), Conj (Neg (Var (S (O))), Conj (Var (O), Var (O))))
41;19;true;true;Conj (Var (O), Conj (Conj (Var (S (O)), Var (O)), Var (S (O))))
37;17;true;true;Conj (Var (O), Conj (Conj (Var (S (O)), Var (O)), Var (O)))
41;19;true;true;Conj (Var (O), Conj (Conj (Var (O), Var (S (O))), Var (S (O))))
37;17;true;true;Conj (Var (O), Conj (Conj (Var (O), Var (S (O))), Var (O)))
49;23;true;true;Conj (Var (O), Conj (Conj (Var (O), Var (S (O))), Conj (Var (O), Var (S (O)))))
45;21;true;true;Conj (Var (O), Conj (Conj (Var (O), Var (S (O))), Conj (Var (O), Var (O))))
37;17;true;true;Conj (Var (O), Conj (Conj (Var (O), Var (O)), Var (S (O))))
33;15;true;_;Conj (Var (O), Conj (Conj (Var (O), Var (O)), Var (O)))
39;18;true;false;Conj (Var (O), Conj (Conj (Var (O), Var (O)), Neg (Var (S (O)))))
41;19;true;true;Conj (Var (O), Conj (Conj (Var (O), Var (O)), Neg (Neg (Var (S (O))))))
37;17;true;_;Conj (Var (O), Conj (Conj (Var (O), Var (O)), Neg (Neg (Var (O)))))
49;23;true;true;Conj (Var (O), Conj (Conj (Var (O), Var (O)), Conj (Var (S (O)), Var (S (O)))))
45;21;true;true;Conj (Var (O), Conj (Conj (Var (O), Var (O)), Conj (Var (S (O)), Var (O))))
45;21;true;true;Conj (Var (O), Conj (Conj (Var (O), Var (O)), Conj (Var (O), Var (S (O)))))
41;19;true;_;Conj (Var (O), Conj (Conj (Var (O), Var (O)), Conj (Var (O), Var (O))))
47;22;true;false;Conj (Var (O), Conj (Conj (Var (O), Var (O)), Conj (Var (O), Neg (Var (S (O))))))
53;25;true;true;Conj (Var (O), Conj (Conj (Var (O), Var (O)), Conj (Var (O), Conj (Var (O), Var (S (O))))))
49;23;true;_;Conj (Var (O), Conj (Conj (Var (O), Var (O)), Conj (Var (O), Conj (Var (O), Var (O)))))
23;10;true;false;Conj (Neg (Var (S (O))), Var (O))
29;13;_;false;Conj (Neg (Var (S (O))), Neg (Var (S (O))))
25;11;false;false;Conj (Neg (Var (S (O))), Neg (Var (O)))
27;12;true;false;Conj (Neg (Var (S (O))), Neg (Neg (Var (O))))
31;14;true;false;Conj (Neg (Var (S (O))), Conj (Var (O), Var (O)))
37;17;true;false;Conj (Neg (Var (S (O))), Conj (Var (O), Neg (Var (S (O)))))
39;18;true;false;Conj (Neg (Var (S (O))), Conj (Var (O), Conj (Var (O), Var (O))))
39;18;true;false;Conj (Neg (Var (S (O))), Conj (Conj (Var (O), Var (O)), Var (O)))
23;10;false;true;Conj (Neg (Var (O)), Var (S (O)))
25;11;false;false;Conj (Neg (Var (O)), Neg (Var (S (O))))
21;9;false;_;Conj (Neg (Var (O)), Neg (Var (O)))
27;12;false;true;Conj (Neg (Var (O)), Neg (Neg (Var (S (O)))))
29;13;false;false;Conj (Neg (Var (O)), Neg (Neg (Neg (Var (S (O))))))
25;11;false;_;Conj (Neg (Var (O)), Neg (Neg (Neg (Var (O)))))
39;18;false;true;Conj (Neg (Var (O)), Neg (Neg (Conj (Var (S (O)), Var (S (O))))))
37;17;false;false;Conj (Neg (Var (O)), Neg (Disj (Var (S (O)), Var (S (O)))))
33;15;false;false;Conj (Neg (Var (O)), Neg (Disj (Var (S (O)), Var (O))))
33;15;false;false;Conj (Neg (Var (O)), Neg (Disj (Var (O), Var (S (O)))))
29;13;false;_;Conj (Neg (Var (O)), Neg (Disj (Var (O), Var (O))))
40;15;false;true;Conj (Neg (Var (O)), Neg (Conj (Var (S (O)), Var (O))))
40;15;false;false;Conj (Neg (Var (O)), Neg (Conj (Var (S (O)), Var (O))))
36;13;false;_;Conj (Neg (Var (O)), Neg (Conj (Var (O), Var (O))))
42;16;false;true;Conj (Neg (Var (O)), Disj (Var (S (O)), Var (S (O))))
38;14;false;true;Conj (Neg (Var (O)), Disj (Var (S (O)), Var (O)))
38;14;false;true;Conj (Neg (Var (O)), Disj (Var (O), Var (S (O))))
42;15;false;true;Conj (Neg (Var (O)), Disj (Neg (Var (O)), Var (S (O))))
42;15;false;false;Conj (Neg (Var (O)), Disj (Neg (Var (O)), Var (S (O))))
38;13;false;_;Conj (Neg (Var (O)), Disj (Neg (Var (O)), Var (O)))
35;16;false;true;Conj (Neg (Var (O)), Conj (Var (S (O)), Var (S (O))))
33;15;false;true;Conj (Neg (Var (O)), Conj (Var (S (O)), Neg (Var (O))))
39;18;false;true;Conj (Neg (Var (O)), Conj (Var (S (O)), Neg (Neg (Var (S (O))))))
47;22;false;true;Conj (Neg (Var (O)), Conj (Var (S (O)), Conj (Var (S (O)), Var (S (O)))))
45;21;false;true;Conj (Neg (Var (O)), Conj (Var (S (O)), Conj (Var (S (O)), Neg (Var (O)))))
59;28;false;true;Conj (Neg (Var (O)), Conj (Var (S (O)), Conj (Var (S (O)), Conj (Var (S (O)), Var (S (O))))))
45;21;false;true;Conj (Neg (Var (O)), Conj (Var (S (O)), Conj (Neg (Var (O)), Var (S (O)))))
39;18;false;false;Conj (Neg (Var (O)), Conj (Neg (Var (S (O))), Neg (Var (S (O)))))
35;16;false;false;Conj (Neg (Var (O)), Conj (Neg (Var (S (O))), Neg (Var (O))))
33;15;false;true;Conj (Neg (Var (O)), Conj (Neg (Var (O)), Var (S (O))))
35;16;false;false;Conj (Neg (Var (O)), Conj (Neg (Var (O)), Neg (Var (S (O)))))
31;14;false;_;Conj (Neg (Var (O)), Conj (Neg (Var (O)), Neg (Var (O))))
45;21;false;true;Conj (Neg (Var (O)), Conj (Neg (Var (O)), Conj (Var (S (O)), Var (S (O)))))
47;22;false;true;Conj (Neg (Var (O)), Conj (Conj (Var (S (O)), Var (S (O))), Var (S (O))))
33;15;true;true;Conj (Conj (Var (S (O)), Var (S (O))), Var (O))
33;15;true;true;Conj (Conj (Var (S (O)), Var (O)), Var (S (O)))
29;13;true;true;Conj (Conj (Var (S (O)), Var (O)), Var (O))
37;17;true;true;Conj (Conj (Var (S (O)), Var (O)), Conj (Var (O), Var (O)))
33;15;true;true;Conj (Conj (Var (O), Var (S (O))), Var (S (O)))
29;13;true;true;Conj (Conj (Var (O), Var (S (O))), Var (O))
33;15;true;true;Conj (Conj (Var (O), Var (S (O))), Neg (Neg (Var (O))))
45;21;true;true;Conj (Conj (Var (O), Var (S (O))), Conj (Var (S (O)), Var (S (O))))
41;19;true;true;Conj (Conj (Var (O), Var (S (O))), Conj (Var (S (O)), Var (O)))
41;19;true;true;Conj (Conj (Var (O), Var (S (O))), Conj (Var (O), Var (S (O))))
37;17;true;true;Conj (Conj (Var (O), Var (S (O))), Conj (Var (O), Var (O)))
29;13;true;true;Conj (Conj (Var (O), Var (O)), Var (S (O)))
25;11;true;_;Conj (Conj (Var (O), Var (O)), Var (O))
31;14;true;false;Conj (Conj (Var (O), Var (O)), Neg (Var (S (O))))
33;15;true;true;Conj (Conj (Var (O), Var (O)), Neg (Neg (Var (S (O)))))
29;13;true;_;Conj (Conj (Var (O), Var (O)), Neg (Neg (Var (O))))
43;20;true;false;Conj (Conj (Var (O), Var (O)), Neg (Disj (Var (S (O)), Var (S (O)))))
44;17;true;true;Conj (Conj (Var (O), Var (O)), Disj (Var (S (O)), Var (O)))
44;17;true;false;Conj (Conj (Var (O), Var (O)), Disj (Var (S (O)), Var (O)))
40;15;true;_;Conj (Conj (Var (O), Var (O)), Disj (Var (O), Var (O)))
41;19;true;true;Conj (Conj (Var (O), Var (O)), Conj (Var (S (O)), Var (S (O))))
37;17;true;true;Conj (Conj (Var (O), Var (O)), Conj (Var (S (O)), Var (O)))
49;23;true;true;Conj (Conj (Var (O), Var (O)), Conj (Var (S (O)), Conj (Var (O), Var (S (O)))))
45;21;true;true;Conj (Conj (Var (O), Var (O)), Conj (Var (S (O)), Conj (Var (O), Var (O))))
37;17;true;true;Conj (Conj (Var (O), Var (O)), Conj (Var (O), Var (S (O))))
33;15;true;_;Conj (Conj (Var (O), Var (O)), Conj (Var (O), Var (O)))
39;18;true;false;Conj (Conj (Var (O), Var (O)), Conj (Var (O), Neg (Var (S (O)))))
37;17;true;_;Conj (Conj (Var (O), Var (O)), Conj (Var (O), Neg (Neg (Var (O)))))
49;23;true;true;Conj (Conj (Var (O), Var (O)), Conj (Var (O), Conj (Var (S (O)), Var (S (O)))))
45;21;true;true;Conj (Conj (Var (O), Var (O)), Conj (Var (O), Conj (Var (S (O)), Var (O))))
45;21;true;true;Conj (Conj (Var (O), Var (O)), Conj (Var (O), Conj (Var (O), Var (S (O)))))
41;19;true;_;Conj (Conj (Var (O), Var (O)), Conj (Var (O), Conj (Var (O), Var (O))))
45;21;true;true;Conj (Conj (Var (O), Var (O)), Conj (Conj (Var (O), Var (O)), Var (S (O))))
41;19;true;_;Conj (Conj (Var (O), Var (O)), Conj (Conj (Var (O), Var (O)), Var (O)))
