unifs_originalFP;unifs_consPDFN;var0;var1;formula
6;5;_;true;Var (S (O))
4;3;true;_;Var (O)
9;6;_;false;Neg (Var (S (O)))
7;4;false;_;Neg (Var (O))
12;7;_;true;Neg (Neg (Var (S (O))))
10;5;true;_;Neg (Neg (Var (O)))
15;8;_;false;Neg (Neg (Neg (Var (S (O)))))
13;6;false;_;Neg (Neg (Neg (Var (O))))
18;9;_;true;Neg (Neg (Neg (Neg (Var (S (O))))))
16;7;true;_;Neg (Neg (Neg (Neg (Var (O)))))
19;8;false;_;Neg (Neg (Neg (Neg (Neg (Var (O))))))
24;11;true;_;Neg (Neg (Neg (Neg (Conj (Var (O), Var (O))))))
23;12;false;false;Neg (Neg (Neg (Disj (Var (S (O)), Var (O)))))
23;12;false;false;Neg (Neg (Neg (Disj (Var (O), Var (S (O))))))
21;10;false;_;Neg (Neg (Neg (Disj (Var (O), Var (O)))))
21;10;false;_;Neg (Neg (Neg (Conj (Var (O), Var (O)))))
20;11;true;true;Neg (Neg (Disj (Var (S (O)), Var (O))))
20;11;true;false;Neg (Neg (Disj (Var (S (O)), Var (O))))
20;11;false;true;Neg (Neg (Disj (Var (S (O)), Var (O))))
20;11;true;true;Neg (Neg (Disj (Var (O), Var (S (O)))))
20;11;true;false;Neg (Neg (Disj (Var (O), Var (S (O)))))
20;11;false;true;Neg (Neg (Disj (Var (O), Var (S (O)))))
18;9;true;_;Neg (Neg (Disj (Var (O), Var (O))))
22;13;_;true;Neg (Neg (Conj (Var (S (O)), Var (S (O)))))
20;11;true;true;Neg (Neg (Conj (Var (S (O)), Var (O))))
23;12;false;true;Neg (Neg (Conj (Var (S (O)), Neg (Var (O)))))
30;17;true;true;Neg (Neg (Conj (Var (S (O)), Conj (Var (S (O)), Var (O)))))
30;17;true;true;Neg (Neg (Conj (Var (S (O)), Conj (Var (O), Var (S (O))))))
28;15;true;true;Neg (Neg (Conj (Var (S (O)), Conj (Var (O), Var (O)))))
20;11;true;true;Neg (Neg (Conj (Var (O), Var (S (O)))))
18;9;true;_;Neg (Neg (Conj (Var (O), Var (O))))
23;12;true;false;Neg (Neg (Conj (Var (O), Neg (Var (S (O))))))
24;11;true;_;Neg (Neg (Conj (Var (O), Neg (Neg (Var (O))))))
30;17;true;true;Neg (Neg (Conj (Var (O), Conj (Var (S (O)), Var (S (O))))))
28;15;true;true;Neg (Neg (Conj (Var (O), Conj (Var (S (O)), Var (O)))))
28;15;true;true;Neg (Neg (Conj (Var (O), Conj (Var (O), Var (S (O))))))
26;13;true;_;Neg (Neg (Conj (Var (O), Conj (Var (O), Var (O)))))
34;17;true;_;Neg (Neg (Conj (Var (O), Conj (Var (O), Conj (Var (O), Var (O))))))
23;12;false;true;Neg (Neg (Conj (Neg (Var (O)), Var (S (O)))))
24;11;false;_;Neg (Neg (Conj (Neg (Var (O)), Neg (Var (O)))))
28;15;true;true;Neg (Neg (Conj (Conj (Var (O), Var (O)), Var (S (O)))))
26;13;true;_;Neg (Neg (Conj (Conj (Var (O), Var (O)), Var (O))))
19;12;_;false;Neg (Disj (Var (S (O)), Var (S (O))))
17;10;false;false;Neg (Disj (Var (S (O)), Var (O)))
20;11;true;false;Neg (Disj (Var (S (O)), Neg (Var (O))))
23;12;false;false;Neg (Disj (Var (S (O)), Neg (Neg (Var (O)))))
28;15;true;false;Neg (Disj (Var (S (O)), Neg (Conj (Var (O), Var (O)))))
27;16;false;false;Neg (Disj (Var (S (O)), Disj (Var (S (O)), Var (O))))
27;16;false;false;Neg (Disj (Var (S (O)), Disj (Var (O), Var (S (O)))))
25;14;false;false;Neg (Disj (Var (S (O)), Disj (Var (O), Var (O))))
25;14;false;false;Neg (Disj (Var (S (O)), Conj (Var (O), Var (O))))
17;10;false;false;Neg (Disj (Var (O), Var (S (O))))
15;8;false;_;Neg (Disj (Var (O), Var (O)))
20;11;false;true;Neg (Disj (Var (O), Neg (Var (S (O)))))
23;12;false;false;Neg (Disj (Var (O), Neg (Neg (Var (S (O))))))
21;10;false;_;Neg (Disj (Var (O), Neg (Neg (Var (O)))))
30;17;false;true;Neg (Disj (Var (O), Neg (Conj (Var (S (O)), Var (S (O))))))
27;16;false;false;Neg (Disj (Var (O), Disj (Var (S (O)), Var (S (O)))))
25;14;false;false;Neg (Disj (Var (O), Disj (Var (S (O)), Var (O))))
25;14;false;false;Neg (Disj (Var (O), Disj (Var (O), Var (S (O)))))
23;12;false;_;Neg (Disj (Var (O), Disj (Var (O), Var (O))))
25;14;false;true;Neg (Disj (Var (O), Conj (Var (S (O)), Var (O))))
25;14;false;false;Neg (Disj (Var (O), Conj (Var (S (O)), Var (O))))
25;14;false;true;Neg (Disj (Var (O), Conj (Var (O), Var (S (O)))))
25;14;false;false;Neg (Disj (Var (O), Conj (Var (O), Var (S (O)))))
23;12;false;_;Neg (Disj (Var (O), Conj (Var (O), Var (O))))
20;11;false;true;Neg (Disj (Neg (Var (S (O))), Var (O)))
20;11;true;false;Neg (Disj (Neg (Var (O)), Var (S (O))))
23;12;true;true;Neg (Disj (Neg (Var (O)), Neg (Var (S (O)))))
21;10;true;_;Neg (Disj (Neg (Var (O)), Neg (Var (O))))
19;12;_;false;Neg (Conj (Var (S (O)), Var (S (O))))
17;10;true;false;Neg (Conj (Var (S (O)), Var (O)))
17;10;false;true;Neg (Conj (Var (S (O)), Var (O)))
17;10;false;false;Neg (Conj (Var (S (O)), Var (O)))
22;13;_;true;Neg (Conj (Var (S (O)), Neg (Var (S (O)))))
22;13;_;false;Neg (Conj (Var (S (O)), Neg (Var (S (O)))))
20;11;true;true;Neg (Conj (Var (S (O)), Neg (Var (O))))
20;11;true;false;Neg (Conj (Var (S (O)), Neg (Var (O))))
20;11;false;false;Neg (Conj (Var (S (O)), Neg (Var (O))))
25;14;false;true;Neg (Conj (Var (S (O)), Disj (Var (O), Var (O))))
25;14;false;false;Neg (Conj (Var (S (O)), Disj (Var (O), Var (O))))
25;14;true;false;Neg (Conj (Var (S (O)), Conj (Var (O), Var (O))))
17;10;true;false;Neg (Conj (Var (O), Var (S (O))))
17;10;false;true;Neg (Conj (Var (O), Var (S (O))))
17;10;false;false;Neg (Conj (Var (O), Var (S (O))))
15;8;false;_;Neg (Conj (Var (O), Var (O)))
20;11;true;true;Neg (Conj (Var (O), Neg (Var (S (O)))))
20;11;false;true;Neg (Conj (Var (O), Neg (Var (S (O)))))
20;11;false;false;Neg (Conj (Var (O), Neg (Var (S (O)))))
18;9;true;_;Neg (Conj (Var (O), Neg (Var (O))))
18;9;false;_;Neg (Conj (Var (O), Neg (Var (O))))
21;10;false;_;Neg (Conj (Var (O), Neg (Neg (Var (O)))))
26;13;true;_;Neg (Conj (Var (O), Neg (Conj (Var (O), Var (O)))))
27;16;true;false;Neg (Conj (Var (O), Disj (Var (S (O)), Var (S (O)))))
25;14;false;false;Neg (Conj (Var (O), Disj (Var (S (O)), Var (O))))
25;14;false;false;Neg (Conj (Var (O), Disj (Var (O), Var (S (O)))))
23;12;false;_;Neg (Conj (Var (O), Disj (Var (O), Var (O))))
27;16;false;true;Neg (Conj (Var (O), Conj (Var (S (O)), Var (S (O)))))
25;14;true;false;Neg (Conj (Var (O), Conj (Var (S (O)), Var (O))))
25;14;false;true;Neg (Conj (Var (O), Conj (Var (S (O)), Var (O))))
28;15;false;true;Neg (Conj (Var (O), Conj (Var (S (O)), Neg (Var (O)))))
25;14;false;true;Neg (Conj (Var (O), Conj (Var (O), Var (S (O)))))
23;12;false;_;Neg (Conj (Var (O), Conj (Var (O), Var (O))))
28;15;false;true;Neg (Conj (Var (O), Conj (Neg (Var (O)), Var (S (O)))))
20;11;true;true;Neg (Conj (Neg (Var (S (O))), Var (O)))
20;11;false;true;Neg (Conj (Neg (Var (S (O))), Var (O)))
20;11;true;true;Neg (Conj (Neg (Var (O)), Var (S (O))))
20;11;true;false;Neg (Conj (Neg (Var (O)), Var (S (O))))
20;11;false;false;Neg (Conj (Neg (Var (O)), Var (S (O))))
18;9;true;_;Neg (Conj (Neg (Var (O)), Var (O)))
18;9;false;_;Neg (Conj (Neg (Var (O)), Var (O)))
21;10;true;_;Neg (Conj (Neg (Var (O)), Neg (Var (O))))
26;13;true;_;Neg (Conj (Neg (Var (O)), Conj (Var (O), Var (O))))
25;14;true;false;Neg (Conj (Conj (Var (O), Var (O)), Var (S (O))))
16;11;_;true;Disj (Var (S (O)), Var (S (O)))
14;9;true;true;Disj (Var (S (O)), Var (O))
14;9;true;false;Disj (Var (S (O)), Var (O))
14;9;false;true;Disj (Var (S (O)), Var (O))
19;12;_;true;Disj (Var (S (O)), Neg (Var (S (O))))
19;12;_;false;Disj (Var (S (O)), Neg (Var (S (O))))
17;10;true;true;Disj (Var (S (O)), Neg (Var (O)))
17;10;false;true;Disj (Var (S (O)), Neg (Var (O)))
17;10;false;false;Disj (Var (S (O)), Neg (Var (O)))
20;11;true;true;Disj (Var (S (O)), Neg (Neg (Var (O))))
20;11;true;false;Disj (Var (S (O)), Neg (Neg (Var (O))))
20;11;false;true;Disj (Var (S (O)), Neg (Neg (Var (O))))
25;14;true;true;Disj (Var (S (O)), Neg (Conj (Var (O), Var (O))))
22;13;true;false;Disj (Var (S (O)), Disj (Var (O), Var (O)))
22;13;false;true;Disj (Var (S (O)), Disj (Var (O), Var (O)))
26;17;_;true;Disj (Var (S (O)), Conj (Var (S (O)), Var (S (O))))
24;15;true;true;Disj (Var (S (O)), Conj (Var (S (O)), Var (O)))
24;15;true;true;Disj (Var (S (O)), Conj (Var (O), Var (S (O))))
22;13;true;true;Disj (Var (S (O)), Conj (Var (O), Var (O)))
22;13;true;false;Disj (Var (S (O)), Conj (Var (O), Var (O)))
22;13;false;true;Disj (Var (S (O)), Conj (Var (O), Var (O)))
30;17;true;true;Disj (Var (S (O)), Conj (Var (O), Conj (Var (O), Var (O))))
30;17;true;false;Disj (Var (S (O)), Conj (Var (O), Conj (Var (O), Var (O))))
14;9;true;true;Disj (Var (O), Var (S (O)))
14;9;true;false;Disj (Var (O), Var (S (O)))
14;9;false;true;Disj (Var (O), Var (S (O)))
12;7;true;_;Disj (Var (O), Var (O))
17;10;true;true;Disj (Var (O), Neg (Var (S (O))))
17;10;true;false;Disj (Var (O), Neg (Var (S (O))))
17;10;false;false;Disj (Var (O), Neg (Var (S (O))))
15;8;true;_;Disj (Var (O), Neg (Var (O)))
15;8;false;_;Disj (Var (O), Neg (Var (O)))
20;11;true;true;Disj (Var (O), Neg (Neg (Var (S (O)))))
20;11;true;false;Disj (Var (O), Neg (Neg (Var (S (O)))))
20;11;false;true;Disj (Var (O), Neg (Neg (Var (S (O)))))
18;9;true;_;Disj (Var (O), Neg (Neg (Var (O))))
23;12;false;_;Disj (Var (O), Neg (Disj (Var (O), Var (O))))
25;14;true;true;Disj (Var (O), Neg (Conj (Var (S (O)), Var (O))))
25;14;true;true;Disj (Var (O), Neg (Conj (Var (O), Var (S (O)))))
23;12;true;_;Disj (Var (O), Neg (Conj (Var (O), Var (O))))
24;15;true;false;Disj (Var (O), Disj (Var (S (O)), Var (S (O))))
24;15;false;true;Disj (Var (O), Disj (Var (S (O)), Var (S (O))))
22;13;true;false;Disj (Var (O), Disj (Var (S (O)), Var (O)))
22;13;false;true;Disj (Var (O), Disj (Var (S (O)), Var (O)))
25;14;true;false;Disj (Var (O), Disj (Var (S (O)), Neg (Var (O))))
20;11;true;_;Disj (Var (O), Disj (Var (O), Var (O)))
24;15;true;true;Disj (Var (O), Conj (Var (S (O)), Var (S (O))))
24;15;true;false;Disj (Var (O), Conj (Var (S (O)), Var (S (O))))
24;15;false;true;Disj (Var (O), Conj (Var (S (O)), Var (S (O))))
22;13;true;true;Disj (Var (O), Conj (Var (S (O)), Var (O)))
22;13;true;false;Disj (Var (O), Conj (Var (S (O)), Var (O)))
25;14;false;true;Disj (Var (O), Conj (Var (S (O)), Neg (Var (O))))
34;21;false;true;Disj (Var (O), Conj (Var (S (O)), Conj (Var (S (O)), Var (S (O)))))
30;17;true;true;Disj (Var (O), Conj (Var (S (O)), Conj (Var (O), Var (O))))
22;13;true;true;Disj (Var (O), Conj (Var (O), Var (S (O))))
22;13;true;false;Disj (Var (O), Conj (Var (O), Var (S (O))))
20;11;true;_;Disj (Var (O), Conj (Var (O), Var (O)))
25;14;true;false;Disj (Var (O), Conj (Var (O), Neg (Var (S (O)))))
30;17;true;true;Disj (Var (O), Conj (Var (O), Conj (Var (S (O)), Var (O))))
30;17;true;true;Disj (Var (O), Conj (Var (O), Conj (Var (O), Var (S (O)))))
28;15;true;_;Disj (Var (O), Conj (Var (O), Conj (Var (O), Var (O))))
25;14;false;true;Disj (Var (O), Conj (Neg (Var (O)), Var (S (O))))
28;15;true;_;Disj (Var (O), Conj (Conj (Var (O), Var (O)), Var (O)))
19;12;_;true;Disj (Neg (Var (S (O))), Var (S (O)))
17;10;true;true;Disj (Neg (Var (S (O))), Var (O))
17;10;true;false;Disj (Neg (Var (S (O))), Var (O))
17;10;false;false;Disj (Neg (Var (S (O))), Var (O))
17;10;true;true;Disj (Neg (Var (O)), Var (S (O)))
17;10;false;true;Disj (Neg (Var (O)), Var (S (O)))
17;10;false;false;Disj (Neg (Var (O)), Var (S (O)))
15;8;true;_;Disj (Neg (Var (O)), Var (O))
15;8;false;_;Disj (Neg (Var (O)), Var (O))
20;11;true;false;Disj (Neg (Var (O)), Neg (Var (S (O))))
20;11;false;true;Disj (Neg (Var (O)), Neg (Var (S (O))))
20;11;false;false;Disj (Neg (Var (O)), Neg (Var (S (O))))
18;9;false;_;Disj (Neg (Var (O)), Neg (Var (O)))
23;12;false;_;Disj (Neg (Var (O)), Disj (Var (O), Var (O)))
27;16;false;true;Disj (Neg (Var (O)), Conj (Var (S (O)), Var (S (O))))
25;14;true;true;Disj (Neg (Var (O)), Conj (Var (S (O)), Var (O)))
25;14;true;true;Disj (Neg (Var (O)), Conj (Var (O), Var (S (O))))
23;12;true;_;Disj (Neg (Var (O)), Conj (Var (O), Var (O)))
22;13;true;true;Disj (Conj (Var (O), Var (O)), Var (S (O)))
22;13;true;false;Disj (Conj (Var (O), Var (O)), Var (S (O)))
20;11;true;_;Disj (Conj (Var (O), Var (O)), Var (O))
23;12;true;_;Disj (Conj (Var (O), Var (O)), Neg (Var (O)))
28;15;true;_;Disj (Conj (Var (O), Var (O)), Conj (Var (O), Var (O)))
16;11;_;true;Conj (Var (S (O)), Var (S (O)))
14;9;true;true;Conj (Var (S (O)), Var (O))
17;10;false;true;Conj (Var (S (O)), Neg (Var (O)))
22;13;_;true;Conj (Var (S (O)), Neg (Neg (Var (S (O)))))
20;11;true;true;Conj (Var (S (O)), Neg (Neg (Var (O))))
23;12;false;true;Conj (Var (S (O)), Neg (Neg (Neg (Var (O)))))
30;17;true;true;Conj (Var (S (O)), Neg (Neg (Conj (Var (S (O)), Var (O)))))
30;17;true;true;Conj (Var (S (O)), Neg (Neg (Conj (Var (O), Var (S (O))))))
28;15;true;true;Conj (Var (S (O)), Neg (Neg (Conj (Var (O), Var (O)))))
25;14;false;true;Conj (Var (S (O)), Neg (Disj (Var (O), Var (O))))
27;16;false;true;Conj (Var (S (O)), Neg (Conj (Var (S (O)), Var (O))))
27;16;false;true;Conj (Var (S (O)), Neg (Conj (Var (O), Var (S (O)))))
25;14;false;true;Conj (Var (S (O)), Neg (Conj (Var (O), Var (O))))
26;17;_;true;Conj (Var (S (O)), Disj (Var (S (O)), Var (S (O))))
24;15;true;true;Conj (Var (S (O)), Disj (Var (S (O)), Var (O)))
24;15;false;true;Conj (Var (S (O)), Disj (Var (S (O)), Var (O)))
24;15;true;true;Conj (Var (S (O)), Disj (Var (O), Var (S (O))))
24;15;false;true;Conj (Var (S (O)), Disj (Var (O), Var (S (O))))
22;13;true;true;Conj (Var (S (O)), Disj (Var (O), Var (O)))
25;14;true;true;Conj (Var (S (O)), Disj (Var (O), Neg (Var (O))))
25;14;false;true;Conj (Var (S (O)), Disj (Var (O), Neg (Var (O))))
30;17;true;true;Conj (Var (S (O)), Disj (Var (O), Conj (Var (O), Var (O))))
25;14;true;true;Conj (Var (S (O)), Disj (Neg (Var (O)), Var (O)))
26;17;_;true;Conj (Var (S (O)), Conj (Var (S (O)), Var (S (O))))
24;15;true;true;Conj (Var (S (O)), Conj (Var (S (O)), Var (O)))
27;16;false;true;Conj (Var (S (O)), Conj (Var (S (O)), Neg (Var (O))))
30;17;true;true;Conj (Var (S (O)), Conj (Var (S (O)), Neg (Neg (Var (O)))))
36;23;_;true;Conj (Var (S (O)), Conj (Var (S (O)), Conj (Var (S (O)), Var (S (O)))))
34;21;true;true;Conj (Var (S (O)), Conj (Var (S (O)), Conj (Var (S (O)), Var (O))))
34;21;true;true;Conj (Var (S (O)), Conj (Var (S (O)), Conj (Var (O), Var (S (O)))))
32;19;true;true;Conj (Var (S (O)), Conj (Var (S (O)), Conj (Var (O), Var (O))))
40;23;true;true;Conj (Var (S (O)), Conj (Var (S (O)), Conj (Var (O), Conj (Var (O), Var (O)))))
24;15;true;true;Conj (Var (S (O)), Conj (Var (O), Var (S (O))))
22;13;true;true;Conj (Var (S (O)), Conj (Var (O), Var (O)))
30;17;true;true;Conj (Var (S (O)), Conj (Var (O), Neg (Neg (Var (S (O))))))
28;15;true;true;Conj (Var (S (O)), Conj (Var (O), Neg (Neg (Var (O)))))
30;17;true;true;Conj (Var (S (O)), Conj (Var (O), Disj (Var (O), Var (O))))
34;21;true;true;Conj (Var (S (O)), Conj (Var (O), Conj (Var (S (O)), Var (S (O)))))
32;19;true;true;Conj (Var (S (O)), Conj (Var (O), Conj (Var (S (O)), Var (O))))
40;23;true;true;Conj (Var (S (O)), Conj (Var (O), Conj (Var (S (O)), Conj (Var (O), Var (O)))))
32;19;true;true;Conj (Var (S (O)), Conj (Var (O), Conj (Var (O), Var (S (O)))))
30;17;true;true;Conj (Var (S (O)), Conj (Var (O), Conj (Var (O), Var (O))))
40;23;true;true;Conj (Var (S (O)), Conj (Var (O), Conj (Var (O), Conj (Var (S (O)), Var (O)))))
40;23;true;true;Conj (Var (S (O)), Conj (Var (O), Conj (Var (O), Conj (Var (O), Var (S (O))))))
38;21;true;true;Conj (Var (S (O)), Conj (Var (O), Conj (Var (O), Conj (Var (O), Var (O)))))
38;21;true;true;Conj (Var (S (O)), Conj (Var (O), Conj (Conj (Var (O), Var (O)), Var (O))))
27;16;false;true;Conj (Var (S (O)), Conj (Neg (Var (O)), Var (S (O))))
28;15;false;true;Conj (Var (S (O)), Conj (Neg (Var (O)), Neg (Var (O))))
37;22;false;true;Conj (Var (S (O)), Conj (Neg (Var (O)), Conj (Var (S (O)), Var (S (O)))))
32;19;true;true;Conj (Var (S (O)), Conj (Conj (Var (O), Var (S (O))), Var (O)))
32;19;true;true;Conj (Var (S (O)), Conj (Conj (Var (O), Var (O)), Var (S (O))))
30;17;true;true;Conj (Var (S (O)), Conj (Conj (Var (O), Var (O)), Var (O)))
38;21;true;true;Conj (Var (S (O)), Conj (Conj (Var (O), Var (O)), Conj (Var (O), Var (O))))
14;9;true;true;Conj (Var (O), Var (S (O)))
12;7;true;_;Conj (Var (O), Var (O))
17;10;true;false;Conj (Var (O), Neg (Var (S (O))))
20;11;true;true;Conj (Var (O), Neg (Neg (Var (S (O)))))
18;9;true;_;Conj (Var (O), Neg (Neg (Var (O))))
23;12;true;false;Conj (Var (O), Neg (Neg (Neg (Var (S (O))))))
24;11;true;_;Conj (Var (O), Neg (Neg (Neg (Neg (Var (O))))))
30;17;true;true;Conj (Var (O), Neg (Neg (Conj (Var (S (O)), Var (S (O))))))
28;15;true;true;Conj (Var (O), Neg (Neg (Conj (Var (S (O)), Var (O)))))
28;15;true;true;Conj (Var (O), Neg (Neg (Conj (Var (O), Var (S (O))))))
26;13;true;_;Conj (Var (O), Neg (Neg (Conj (Var (O), Var (O)))))
34;17;true;_;Conj (Var (O), Neg (Neg (Conj (Var (O), Conj (Var (O), Var (O))))))
27;16;true;false;Conj (Var (O), Neg (Disj (Var (S (O)), Var (S (O)))))
28;15;true;false;Conj (Var (O), Neg (Disj (Var (S (O)), Neg (Var (O)))))
28;15;true;false;Conj (Var (O), Neg (Disj (Neg (Var (O)), Var (S (O)))))
29;14;true;_;Conj (Var (O), Neg (Disj (Neg (Var (O)), Neg (Var (O)))))
27;16;true;false;Conj (Var (O), Neg (Conj (Var (S (O)), Var (S (O)))))
25;14;true;false;Conj (Var (O), Neg (Conj (Var (S (O)), Var (O))))
28;15;true;false;Conj (Var (O), Neg (Conj (Var (S (O)), Neg (Var (O)))))
33;18;true;false;Conj (Var (O), Neg (Conj (Var (S (O)), Conj (Var (O), Var (O)))))
25;14;true;false;Conj (Var (O), Neg (Conj (Var (O), Var (S (O)))))
26;13;true;_;Conj (Var (O), Neg (Conj (Var (O), Neg (Var (O)))))
28;15;true;false;Conj (Var (O), Neg (Conj (Neg (Var (O)), Var (S (O)))))
26;13;true;_;Conj (Var (O), Neg (Conj (Neg (Var (O)), Var (O))))
24;15;true;true;Conj (Var (O), Disj (Var (S (O)), Var (S (O))))
22;13;true;true;Conj (Var (O), Disj (Var (S (O)), Var (O)))
22;13;true;false;Conj (Var (O), Disj (Var (S (O)), Var (O)))
27;16;true;false;Conj (Var (O), Disj (Var (S (O)), Neg (Var (S (O)))))
25;14;true;true;Conj (Var (O), Disj (Var (S (O)), Neg (Var (O))))
30;17;true;true;Conj (Var (O), Disj (Var (S (O)), Conj (Var (O), Var (O))))
30;17;true;false;Conj (Var (O), Disj (Var (S (O)), Conj (Var (O), Var (O))))
22;13;true;true;Conj (Var (O), Disj (Var (O), Var (S (O))))
22;13;true;false;Conj (Var (O), Disj (Var (O), Var (S (O))))
20;11;true;_;Conj (Var (O), Disj (Var (O), Var (O)))
25;14;true;true;Conj (Var (O), Disj (Var (O), Neg (Var (S (O)))))
25;14;true;false;Conj (Var (O), Disj (Var (O), Neg (Var (S (O)))))
23;12;true;_;Conj (Var (O), Disj (Var (O), Neg (Var (O))))
30;17;true;true;Conj (Var (O), Disj (Var (O), Conj (Var (S (O)), Var (O))))
30;17;true;true;Conj (Var (O), Disj (Var (O), Conj (Var (O), Var (S (O)))))
28;15;true;_;Conj (Var (O), Disj (Var (O), Conj (Var (O), Var (O))))
25;14;true;true;Conj (Var (O), Disj (Neg (Var (S (O))), Var (O)))
25;14;true;true;Conj (Var (O), Disj (Neg (Var (O)), Var (S (O))))
23;12;true;_;Conj (Var (O), Disj (Neg (Var (O)), Var (O)))
28;15;true;_;Conj (Var (O), Disj (Conj (Var (O), Var (O)), Var (O)))
24;15;true;true;Conj (Var (O), Conj (Var (S (O)), Var (S (O))))
22;13;true;true;Conj (Var (O), Conj (Var (S (O)), Var (O)))
30;17;true;true;Conj (Var (O), Conj (Var (S (O)), Neg (Neg (Var (S (O))))))
28;15;true;true;Conj (Var (O), Conj (Var (S (O)), Neg (Neg (Var (O)))))
30;17;true;true;Conj (Var (O), Conj (Var (S (O)), Disj (Var (O), Var (O))))
34;21;true;true;Conj (Var (O), Conj (Var (S (O)), Conj (Var (S (O)), Var (S (O)))))
32;19;true;true;Conj (Var (O), Conj (Var (S (O)), Conj (Var (S (O)), Var (O))))
40;23;true;true;Conj (Var (O), Conj (Var (S (O)), Conj (Var (S (O)), Conj (Var (O), Var (O)))))
32;19;true;true;Conj (Var (O), Conj (Var (S (O)), Conj (Var (O), Var (S (O)))))
30;17;true;true;Conj (Var (O), Conj (Var (S (O)), Conj (Var (O), Var (O))))
40;23;true;true;Conj (Var (O), Conj (Var (S (O)), Conj (Var (O), Conj (Var (S (O)), Var (O)))))
40;23;true;true;Conj (Var (O), Conj (Var (S (O)), Conj (Var (O), Conj (Var (O), Var (S (O))))))
38;21;true;true;Conj (Var (O), Conj (Var (S (O)), Conj (Var (O), Conj (Var (O), Var (O)))))
38;21;true;true;Conj (Var (O), Conj (Var (S (O)), Conj (Conj (Var (O), Var (O)), Var (O))))
22;13;true;true;Conj (Var (O), Conj (Var (O), Var (S (O))))
20;11;true;_;Conj (Var (O), Conj (Var (O), Var (O)))
25;14;true;false;Conj (Var (O), Conj (Var (O), Neg (Var (S (O)))))
28;15;true;true;Conj (Var (O), Conj (Var (O), Neg (Neg (Var (S (O))))))
26;13;true;_;Conj (Var (O), Conj (Var (O), Neg (Neg (Var (O)))))
34;17;true;_;Conj (Var (O), Conj (Var (O), Neg (Neg (Conj (Var (O), Var (O))))))
35;20;true;false;Conj (Var (O), Conj (Var (O), Neg (Disj (Var (S (O)), Var (S (O))))))
33;18;true;false;Conj (Var (O), Conj (Var (O), Neg (Conj (Var (S (O)), Var (O)))))
30;17;true;true;Conj (Var (O), Conj (Var (O), Disj (Var (S (O)), Var (O))))
30;17;true;false;Conj (Var (O), Conj (Var (O), Disj (Var (S (O)), Var (O))))
30;17;true;true;Conj (Var (O), Conj (Var (O), Disj (Var (O), Var (S (O)))))
30;17;true;false;Conj (Var (O), Conj (Var (O), Disj (Var (O), Var (S (O)))))
28;15;true;_;Conj (Var (O), Conj (Var (O), Disj (Var (O), Var (O))))
32;19;true;true;Conj (Var (O), Conj (Var (O), Conj (Var (S (O)), Var (S (O)))))
30;17;true;true;Conj (Var (O), Conj (Var (O), Conj (Var (S (O)), Var (O))))
40;23;true;true;Conj (Var (O), Conj (Var (O), Conj (Var (S (O)), Conj (Var (S (O)), Var (O)))))
40;23;true;true;Conj (Var (O), Conj (Var (O), Conj (Var (S (O)), Conj (Var (O), Var (S (O))))))
38;21;true;true;Conj (Var (O), Conj (Var (O), Conj (Var (S (O)), Conj (Var (O), Var (O)))))
30;17;true;true;Conj (Var (O), Conj (Var (O), Conj (Var (O), Var (S (O)))))
28;15;true;_;Conj (Var (O), Conj (Var (O), Conj (Var (O), Var (O))))
33;18;true;false;Conj (Var (O), Conj (Var (O), Conj (Var (O), Neg (Var (S (O))))))
34;17;true;_;Conj (Var (O), Conj (Var (O), Conj (Var (O), Neg (Neg (Var (O))))))
40;23;true;true;Conj (Var (O), Conj (Var (O), Conj (Var (O), Conj (Var (S (O)), Var (S (O))))))
38;21;true;true;Conj (Var (O), Conj (Var (O), Conj (Var (O), Conj (Var (S (O)), Var (O)))))
38;21;true;true;Conj (Var (O), Conj (Var (O), Conj (Var (O), Conj (Var (O), Var (S (O))))))
36;19;true;_;Conj (Var (O), Conj (Var (O), Conj (Var (O), Conj (Var (O), Var (O)))))
44;23;true;_;Conj (Var (O), Conj (Var (O), Conj (Var (O), Conj (Var (O), Conj (Var (O), Var (O))))))
33;18;true;false;Conj (Var (O), Conj (Var (O), Conj (Neg (Var (S (O))), Var (O))))
38;21;true;true;Conj (Var (O), Conj (Var (O), Conj (Conj (Var (O), Var (O)), Var (S (O)))))
36;19;true;_;Conj (Var (O), Conj (Var (O), Conj (Conj (Var (O), Var (O)), Var (O))))
25;14;true;false;Conj (Var (O), Conj (Neg (Var (S (O))), Var (O)))
30;17;true;false;Conj (Var (O), Conj (Neg (Var (S (O))), Neg (Var (S (O)))))
33;18;true;false;Conj (Var (O), Conj (Neg (Var (S (O))), Conj (Var (O), Var (O))))
30;17;true;true;Conj (Var (O), Conj (Conj (Var (S (O)), Var (O)), Var (O)))
32;19;true;true;Conj (Var (O), Conj (Conj (Var (O), Var (S (O))), Var (S (O))))
30;17;true;true;Conj (Var (O), Conj (Conj (Var (O), Var (S (O))), Var (O)))
30;17;true;true;Conj (Var (O), Conj (Conj (Var (O), Var (O)), Var (S (O))))
28;15;true;_;Conj (Var (O), Conj (Conj (Var (O), Var (O)), Var (O)))
33;18;true;false;Conj (Var (O), Conj (Conj (Var (O), Var (O)), Neg (Var (S (O)))))
34;17;true;_;Conj (Var (O), Conj (Conj (Var (O), Var (O)), Neg (Neg (Var (O)))))
40;23;true;true;Conj (Var (O), Conj (Conj (Var (O), Var (O)), Conj (Var (S (O)), Var (S (O)))))
38;21;true;true;Conj (Var (O), Conj (Conj (Var (O), Var (O)), Conj (Var (S (O)), Var (O))))
38;21;true;true;Conj (Var (O), Conj (Conj (Var (O), Var (O)), Conj (Var (O), Var (S (O)))))
36;19;true;_;Conj (Var (O), Conj (Conj (Var (O), Var (O)), Conj (Var (O), Var (O))))
44;23;true;_;Conj (Var (O), Conj (Conj (Var (O), Var (O)), Conj (Var (O), Conj (Var (O), Var (O)))))
17;10;true;false;Conj (Neg (Var (S (O))), Var (O))
22;13;_;false;Conj (Neg (Var (S (O))), Neg (Var (S (O))))
20;11;false;false;Conj (Neg (Var (S (O))), Neg (Var (O)))
23;12;true;false;Conj (Neg (Var (S (O))), Neg (Neg (Var (O))))
25;14;true;false;Conj (Neg (Var (S (O))), Conj (Var (O), Var (O)))
33;18;true;false;Conj (Neg (Var (S (O))), Conj (Var (O), Conj (Var (O), Var (O))))
17;10;false;true;Conj (Neg (Var (O)), Var (S (O)))
20;11;false;false;Conj (Neg (Var (O)), Neg (Var (S (O))))
18;9;false;_;Conj (Neg (Var (O)), Neg (Var (O)))
23;12;false;true;Conj (Neg (Var (O)), Neg (Neg (Var (S (O)))))
24;11;false;_;Conj (Neg (Var (O)), Neg (Neg (Neg (Var (O)))))
28;15;false;false;Conj (Neg (Var (O)), Neg (Disj (Var (S (O)), Var (O))))
28;15;false;false;Conj (Neg (Var (O)), Neg (Disj (Var (O), Var (S (O)))))
26;13;false;_;Conj (Neg (Var (O)), Neg (Disj (Var (O), Var (O))))
28;15;false;true;Conj (Neg (Var (O)), Neg (Conj (Var (S (O)), Var (O))))
26;13;false;_;Conj (Neg (Var (O)), Neg (Conj (Var (O), Var (O))))
27;16;false;true;Conj (Neg (Var (O)), Disj (Var (S (O)), Var (S (O))))
25;14;false;true;Conj (Neg (Var (O)), Disj (Var (S (O)), Var (O)))
25;14;false;true;Conj (Neg (Var (O)), Disj (Var (O), Var (S (O))))
27;16;false;true;Conj (Neg (Var (O)), Conj (Var (S (O)), Var (S (O))))
28;15;false;true;Conj (Neg (Var (O)), Conj (Var (S (O)), Neg (Var (O))))
37;22;false;true;Conj (Neg (Var (O)), Conj (Var (S (O)), Conj (Var (S (O)), Var (S (O)))))
38;21;false;true;Conj (Neg (Var (O)), Conj (Var (S (O)), Conj (Var (S (O)), Neg (Var (O)))))
28;15;false;true;Conj (Neg (Var (O)), Conj (Neg (Var (O)), Var (S (O))))
31;16;false;false;Conj (Neg (Var (O)), Conj (Neg (Var (O)), Neg (Var (S (O)))))
29;14;false;_;Conj (Neg (Var (O)), Conj (Neg (Var (O)), Neg (Var (O))))
38;21;false;true;Conj (Neg (Var (O)), Conj (Neg (Var (O)), Conj (Var (S (O)), Var (S (O)))))
37;22;false;true;Conj (Neg (Var (O)), Conj (Conj (Var (S (O)), Var (S (O))), Var (S (O))))
24;15;true;true;Conj (Conj (Var (S (O)), Var (O)), Var (S (O)))
22;13;true;true;Conj (Conj (Var (S (O)), Var (O)), Var (O))
24;15;true;true;Conj (Conj (Var (O), Var (S (O))), Var (S (O)))
22;13;true;true;Conj (Conj (Var (O), Var (S (O))), Var (O))
32;19;true;true;Conj (Conj (Var (O), Var (S (O))), Conj (Var (S (O)), Var (O)))
32;19;true;true;Conj (Conj (Var (O), Var (S (O))), Conj (Var (O), Var (S (O))))
30;17;true;true;Conj (Conj (Var (O), Var (S (O))), Conj (Var (O), Var (O)))
22;13;true;true;Conj (Conj (Var (O), Var (O)), Var (S (O)))
20;11;true;_;Conj (Conj (Var (O), Var (O)), Var (O))
25;14;true;false;Conj (Conj (Var (O), Var (O)), Neg (Var (S (O))))
28;15;true;true;Conj (Conj (Var (O), Var (O)), Neg (Neg (Var (S (O)))))
26;13;true;_;Conj (Conj (Var (O), Var (O)), Neg (Neg (Var (O))))
30;17;true;false;Conj (Conj (Var (O), Var (O)), Disj (Var (S (O)), Var (O)))
28;15;true;_;Conj (Conj (Var (O), Var (O)), Disj (Var (O), Var (O)))
32;19;true;true;Conj (Conj (Var (O), Var (O)), Conj (Var (S (O)), Var (S (O))))
30;17;true;true;Conj (Conj (Var (O), Var (O)), Conj (Var (S (O)), Var (O)))
38;21;true;true;Conj (Conj (Var (O), Var (O)), Conj (Var (S (O)), Conj (Var (O), Var (O))))
30;17;true;true;Conj (Conj (Var (O), Var (O)), Conj (Var (O), Var (S (O))))
28;15;true;_;Conj (Conj (Var (O), Var (O)), Conj (Var (O), Var (O)))
33;18;true;false;Conj (Conj (Var (O), Var (O)), Conj (Var (O), Neg (Var (S (O)))))
38;21;true;true;Conj (Conj (Var (O), Var (O)), Conj (Var (O), Conj (Var (S (O)), Var (O))))
38;21;true;true;Conj (Conj (Var (O), Var (O)), Conj (Var (O), Conj (Var (O), Var (S (O)))))
36;19;true;_;Conj (Conj (Var (O), Var (O)), Conj (Var (O), Conj (Var (O), Var (O))))
36;19;true;_;Conj (Conj (Var (O), Var (O)), Conj (Conj (Var (O), Var (O)), Var (O)))
